,,value,value,value,value,value,value,value,value,value,value,value
year,,2010,2011,2012,2013,2014,2015,2016,2017,2018,2019,2020
state,month,,,,,,,,,,,
AL,1,12.3,11.0,8.3,8.2,7.6,6.4,6.3,6.0,4.3,4.2,3.2
AL,2,12.1,10.5,8.4,7.9,7.8,6.3,6.2,5.6,4.4,3.8,2.9
AL,3,11.5,9.9,7.9,7.1,7.3,5.9,5.9,4.9,4.0,3.4,3.3
AL,4,10.4,9.4,7.2,6.3,6.2,5.6,5.3,4.1,3.5,2.6,
AL,5,9.9,9.6,7.8,6.6,6.5,6.0,5.3,3.9,3.5,2.5,
AL,6,10.5,10.6,9.0,7.7,7.4,6.6,6.2,4.8,4.6,3.3,
AL,7,10.2,10.4,9.0,7.6,7.4,6.5,6.0,4.6,4.2,3.1,
AL,8,10.1,10.0,8.5,7.5,7.0,6.4,6.0,4.3,4.0,3.0,
AL,9,9.8,9.5,7.6,7.1,6.3,5.9,5.8,3.7,3.6,2.6,
AL,10,9.9,8.9,7.5,7.0,6.2,5.9,5.9,3.7,3.6,2.5,
AL,11,10.0,8.0,6.9,6.8,5.9,5.7,5.4,3.6,3.3,2.4,
AL,12,9.8,7.9,7.2,6.8,5.8,5.8,5.4,3.7,3.5,2.5,
AR,1,8.9,8.7,8.2,8.0,7.8,7.3,7.5,7.8,7.5,6.9,6.6
AR,2,9.1,8.8,8.3,8.0,8.0,7.4,7.7,7.9,7.6,7.0,5.9
AR,3,8.9,8.4,8.0,7.6,7.7,7.2,7.5,7.6,7.2,6.8,5.8
AR,4,8.3,7.9,7.5,7.2,7.2,6.7,7.0,7.2,6.8,6.3,
AR,5,7.8,7.4,7.1,7.0,6.9,6.4,6.8,6.9,6.5,6.0,
AR,6,7.8,7.6,7.2,7.1,7.0,6.5,6.9,6.9,6.5,6.3,
AR,7,7.0,6.8,6.5,6.3,6.3,5.8,6.2,6.3,5.8,5.6,
AR,8,6.8,6.6,6.1,5.9,6.0,5.5,6.0,6.1,5.5,5.3,
AR,9,7.0,6.7,6.3,6.2,6.2,5.8,6.3,6.3,5.7,5.5,
AR,10,7.3,7.0,6.4,6.6,6.2,6.2,6.5,6.4,5.8,5.7,
AR,11,7.7,7.4,6.9,7.0,6.6,6.6,6.9,6.8,6.2,6.1,
AR,12,8.0,7.8,7.2,7.0,6.6,6.8,7.1,7.0,6.3,6.1,
AZ,1,11.1,10.0,8.8,8.2,7.2,6.5,5.6,5.3,4.9,5.1,4.6
AZ,2,10.7,9.5,8.4,7.6,6.9,6.1,5.3,5.0,4.7,4.7,4.4
AZ,3,10.4,9.3,8.2,7.6,6.9,5.9,5.3,4.9,4.6,4.7,5.3
AZ,4,10.1,9.2,8.0,7.4,6.3,5.8,5.3,4.7,4.5,4.5,
AZ,5,10.0,9.0,8.3,7.6,6.7,6.0,5.2,4.7,4.4,4.6,
AZ,6,10.5,10.5,8.9,8.3,7.1,6.4,5.7,5.1,5.0,5.0,
AZ,7,10.8,10.4,9.2,8.2,7.3,6.5,5.8,5.1,5.0,5.1,
AZ,8,10.8,10.1,8.9,8.3,7.2,6.4,5.7,5.2,5.1,5.0,
AZ,9,10.4,9.7,8.2,8.0,6.9,6.2,5.6,4.9,4.8,4.6,
AZ,10,10.0,9.2,8.0,7.8,6.5,5.9,5.3,4.6,4.7,4.5,
AZ,11,10.0,8.6,7.6,7.2,6.3,5.6,4.9,4.5,4.5,4.3,
AZ,12,9.6,8.5,7.7,7.0,6.1,5.4,4.8,4.5,4.7,4.2,
CA,1,9.0,9.5,8.5,8.3,7.2,6.3,4.8,4.3,4.3,4.2,4.1
CA,2,9.0,9.2,8.3,8.0,7.1,6.0,4.7,4.2,4.3,4.1,3.9
CA,3,8.3,8.6,7.6,7.3,6.4,5.5,4.1,3.5,3.7,3.5,4.7
CA,4,7.8,8.1,7.1,6.9,5.6,5.0,3.6,3.2,3.3,3.0,
CA,5,8.0,8.3,7.5,7.3,5.9,5.2,3.8,3.5,3.5,3.4,
CA,6,8.1,8.6,7.8,7.7,6.2,5.4,4.3,3.9,3.9,3.8,
CA,7,8.4,8.7,8.0,7.7,6.4,5.4,4.4,4.2,4.0,4.1,
CA,8,8.1,8.1,7.5,7.1,5.9,4.8,4.0,3.9,3.6,3.6,
CA,9,7.9,7.9,7.2,6.9,5.6,4.4,3.7,3.5,3.4,3.3,
CA,10,7.6,7.5,7.0,6.6,5.2,4.1,3.4,3.2,3.2,3.1,
CA,11,7.9,7.4,7.0,6.5,5.3,4.0,3.3,3.3,3.1,3.1,
CA,12,8.2,7.8,7.4,6.7,5.5,4.2,3.6,3.6,3.5,3.4,
CO,1,12.7,12.6,11.4,10.2,8.4,7.2,5.9,5.6,4.7,4.8,4.3
CO,2,12.6,12.2,11.3,9.7,8.4,6.8,5.8,5.4,4.6,4.5,4.3
CO,3,12.6,12.1,11.0,9.3,8.2,6.6,5.8,5.1,4.5,4.5,5.6
CO,4,12.0,11.5,10.3,8.7,7.3,6.1,5.3,4.7,4.0,3.8,
CO,5,11.7,11.3,10.2,8.6,7.2,6.1,5.0,4.4,3.7,3.6,
CO,6,12.0,12.0,10.6,9.2,7.5,6.3,5.6,4.9,4.4,4.1,
CO,7,12.6,12.2,10.9,9.4,8.0,6.5,5.8,5.1,4.5,4.4,
CO,8,12.3,11.9,10.4,8.9,7.6,6.1,5.6,5.0,4.4,4.2,
CO,9,11.9,11.5,9.6,8.5,7.0,5.7,5.3,4.4,3.9,3.6,
CO,10,11.9,11.3,9.7,8.5,6.9,5.7,5.3,4.3,4.0,3.7,
CO,11,12.3,11.0,9.5,8.2,6.9,5.7,5.1,4.3,4.0,3.7,
CO,12,12.1,11.0,9.6,8.0,6.6,5.6,5.1,4.3,4.2,3.7,
DC,1,8.9,9.2,8.6,8.0,6.4,4.8,3.8,3.3,3.3,3.6,2.8
DC,2,8.9,9.1,8.7,7.9,6.3,4.6,3.7,3.1,3.3,3.3,2.9
DC,3,9.1,8.9,8.5,7.5,6.0,4.5,3.7,2.8,3.2,3.1,4.8
DC,4,8.5,8.4,8.0,7.1,5.4,4.0,3.5,2.6,3.0,2.8,
DC,5,8.5,8.4,7.9,7.0,5.0,4.0,3.2,2.5,2.8,2.6,
DC,6,8.9,8.3,8.3,7.3,5.0,4.1,3.6,2.9,3.4,2.9,
DC,7,8.8,8.1,7.8,6.8,4.8,3.8,3.3,2.8,3.2,2.7,
DC,8,8.6,8.1,7.7,6.4,4.5,3.5,3.1,2.8,3.2,2.6,
DC,9,8.4,7.9,7.2,6.2,4.1,3.3,3.0,2.7,3.1,2.4,
DC,10,8.4,7.8,7.2,6.2,4.1,3.3,2.9,2.7,3.1,2.4,
DC,11,8.9,8.0,7.3,6.0,4.2,3.4,2.7,2.8,3.1,2.4,
DC,12,8.8,8.1,7.3,5.9,4.1,3.4,2.7,2.8,3.2,2.4,
DE,1,9.5,9.8,8.7,8.7,7.6,6.7,6.1,5.6,5.2,4.6,4.4
DE,2,9.5,9.6,8.6,8.6,7.6,6.5,5.9,5.4,5.0,4.3,4.4
DE,3,9.2,9.3,8.5,8.2,7.2,6.1,5.6,5.0,4.6,4.0,3.9
DE,4,8.9,8.8,8.0,7.6,6.4,5.6,5.1,4.6,4.1,3.3,
DE,5,8.9,8.9,8.3,7.9,6.6,5.7,5.1,4.7,4.1,3.6,
DE,6,9.1,9.0,8.6,8.1,6.7,5.8,5.5,4.9,4.4,3.9,
DE,7,9.3,9.1,8.9,8.1,6.9,5.9,5.4,4.8,4.3,3.9,
DE,8,9.3,8.9,8.8,7.9,6.6,5.7,5.2,4.7,4.1,3.8,
DE,9,9.0,8.4,8.2,7.5,6.2,5.4,4.8,4.4,3.7,3.5,
DE,10,8.9,8.2,8.1,7.3,6.1,5.3,4.6,4.3,3.6,3.5,
DE,11,9.0,8.0,7.8,6.9,5.9,5.1,4.2,4.1,3.3,3.3,
DE,12,8.7,7.7,7.6,6.7,5.6,5.0,4.3,4.0,3.4,3.2,
FL,1,9.3,8.5,7.6,7.7,6.6,5.5,5.0,5.0,4.5,3.9,4.2
FL,2,9.4,8.3,7.6,7.6,6.5,5.4,4.9,5.0,4.4,3.8,4.0
FL,3,9.0,7.9,7.3,7.3,6.2,5.1,4.6,4.7,4.1,3.7,5.0
FL,4,8.5,7.5,7.1,6.9,5.8,4.8,4.4,4.5,3.8,3.5,
FL,5,8.1,7.1,6.8,6.5,5.6,4.6,4.2,4.3,3.5,3.4,
FL,6,8.6,7.7,7.4,7.1,6.1,5.2,4.8,4.9,4.1,4.1,
FL,7,8.4,7.6,7.4,6.8,6.0,5.1,4.7,4.8,4.0,4.1,
FL,8,8.3,7.5,7.4,6.6,5.8,5.0,4.7,4.7,3.9,4.1,
FL,9,8.1,7.3,7.2,6.3,5.5,4.7,4.5,4.3,3.6,3.9,
FL,10,8.0,7.2,7.1,6.1,5.2,4.6,4.4,4.2,3.4,3.8,
FL,11,7.7,6.7,6.7,5.7,4.7,4.2,4.0,3.8,3.0,3.5,
FL,12,7.6,6.7,6.8,5.7,4.6,4.2,4.1,3.8,3.1,3.5,
GA,1,10.2,9.9,10.1,9.1,8.2,7.7,6.6,6.2,5.9,6.2,5.1
GA,2,9.9,10.0,9.9,8.9,8.2,7.6,6.5,6.3,6.0,6.0,5.2
GA,3,9.5,10.0,9.4,8.5,7.9,7.1,6.1,6.0,5.7,5.6,5.9
GA,4,8.7,9.6,8.6,8.0,7.2,6.5,5.5,5.6,5.2,5.1,
GA,5,8.9,10.1,8.6,8.2,7.4,6.6,5.6,5.8,5.4,5.2,
GA,6,9.5,10.9,9.2,8.8,8.0,7.1,6.4,6.6,6.1,5.8,
GA,7,9.4,10.7,9.0,8.8,8.2,7.2,6.5,6.6,6.1,5.8,
GA,8,9.4,10.5,9.0,8.6,8.0,6.9,6.3,6.4,5.9,5.5,
GA,9,9.4,10.4,8.9,8.6,7.9,6.8,6.2,6.2,5.7,5.4,
GA,10,9.4,10.1,8.7,8.6,7.6,6.6,6.0,6.0,5.6,5.3,
GA,11,9.4,10.0,8.6,8.0,7.5,6.4,5.8,5.7,5.4,5.0,
GA,12,9.3,9.7,8.6,7.7,7.2,6.1,5.7,5.4,5.3,5.0,
GU,1,11.5,10.8,9.0,8.3,6.7,6.0,5.0,4.8,4.1,3.8,3.0
GU,2,11.2,10.4,8.7,7.6,6.5,5.6,4.7,4.4,3.8,3.3,2.8
GU,3,11.0,10.1,8.5,7.2,6.5,5.4,4.7,4.2,3.6,3.2,4.3
GU,4,10.6,9.7,8.1,7.0,6.0,5.3,4.6,4.0,3.4,2.9,
GU,5,10.5,9.9,8.4,7.2,6.3,5.5,4.5,4.1,3.4,3.0,
GU,6,11.0,10.5,8.9,7.7,6.4,5.7,5.0,4.4,3.9,3.3,
GU,7,11.4,10.7,9.1,7.5,6.7,5.8,5.0,4.4,3.8,3.4,
GU,8,11.5,10.3,8.8,7.4,6.6,5.6,5.0,4.4,3.7,3.3,
GU,9,11.1,9.9,8.3,7.1,6.2,5.4,5.0,4.1,3.4,2.9,
GU,10,10.9,9.5,8.1,6.9,6.0,5.2,4.8,4.0,3.3,2.8,
GU,11,11.1,9.1,7.8,6.6,5.9,5.1,4.6,4.0,3.3,2.7,
GU,12,10.7,9.0,7.8,6.3,5.6,4.9,4.5,3.8,3.4,2.5,
HI,1,10.9,10.8,9.8,9.1,7.4,6.6,5.6,5.4,4.5,4.2,3.5
HI,2,10.9,10.4,9.7,8.6,7.5,6.3,5.4,5.2,4.3,3.8,3.5
HI,3,10.4,10.0,9.3,8.2,7.3,6.0,5.3,4.8,4.0,3.6,4.3
HI,4,9.9,9.7,8.8,7.8,6.6,5.7,5.1,4.5,3.7,3.1,
HI,5,10.1,10.0,9.0,8.1,7.1,6.2,5.0,4.6,3.7,3.3,
HI,6,10.6,10.8,9.7,8.9,7.6,6.4,5.6,5.0,4.3,3.8,
HI,7,10.7,10.7,9.8,8.8,7.9,6.4,5.7,4.9,4.2,3.8,
HI,8,10.8,10.6,9.4,8.2,7.5,6.0,5.6,4.9,4.1,3.7,
HI,9,10.5,10.4,8.7,7.9,6.9,5.7,5.5,4.4,3.6,3.0,
HI,10,10.5,10.1,8.8,8.0,6.7,5.7,5.5,4.3,3.8,3.1,
HI,11,10.7,9.5,8.4,7.4,6.4,5.4,5.0,4.1,3.5,2.8,
HI,12,10.6,9.7,8.7,7.4,6.2,5.4,5.1,4.2,3.8,2.9,
ID,1,7.2,6.9,6.8,5.2,4.7,4.1,3.1,2.8,2.3,2.9,2.9
ID,2,6.9,6.7,6.5,5.0,4.6,3.9,2.9,2.6,2.2,2.7,2.7
ID,3,6.9,6.6,6.5,4.9,4.5,3.8,3.0,2.5,2.3,2.7,2.2
ID,4,6.7,6.5,6.2,4.8,4.4,3.6,3.0,2.4,2.2,2.6,
ID,5,6.7,6.7,6.1,4.8,4.3,3.6,2.9,2.4,2.2,2.6,
ID,6,7.5,7.4,6.8,5.4,5.0,4.1,3.6,3.0,3.0,3.3,
ID,7,7.1,6.9,6.1,4.9,4.4,3.5,3.0,2.4,2.6,2.8,
ID,8,7.0,6.9,5.7,4.7,4.2,3.4,2.9,2.2,2.5,2.7,
ID,9,7.1,7.1,5.7,5.0,4.3,3.6,3.0,2.4,2.8,2.8,
ID,10,6.9,6.9,5.5,4.9,4.0,3.2,2.8,2.2,2.7,2.6,
ID,11,6.9,6.9,5.3,4.8,4.1,3.2,2.8,2.3,2.8,2.6,
ID,12,6.4,6.4,4.8,4.4,3.7,2.8,2.4,2.0,2.4,2.2,
IL,1,10.5,10.1,8.9,7.7,6.4,5.2,5.0,4.5,4.0,4.0,3.5
IL,2,10.4,9.8,8.6,7.4,6.1,5.0,4.7,4.2,3.8,3.7,3.1
IL,3,10.0,9.6,8.3,7.1,5.8,4.8,4.5,3.9,3.6,3.5,2.9
IL,4,9.4,8.8,7.6,6.5,5.1,4.2,3.9,3.3,3.0,3.0,
IL,5,8.3,7.9,6.8,5.8,4.5,3.8,3.5,2.9,2.5,2.6,
IL,6,8.5,7.9,6.9,5.8,4.5,3.8,3.5,2.9,2.6,2.7,
IL,7,8.3,7.8,6.8,5.8,4.5,3.9,3.5,2.9,2.6,2.7,
IL,8,8.4,7.8,6.7,5.7,4.3,3.7,3.3,2.7,2.4,2.5,
IL,9,8.0,7.4,6.3,5.4,4.0,3.5,3.2,2.6,2.3,2.3,
IL,10,8.1,7.2,6.2,5.3,4.0,3.5,3.1,2.6,2.3,2.3,
IL,11,8.7,7.9,6.8,5.6,4.4,4.0,3.5,3.0,2.8,2.8,
IL,12,9.0,7.9,6.8,5.3,4.5,4.0,3.6,3.1,3.0,2.9,
IN,1,12.2,10.1,9.7,10.3,8.8,6.8,6.7,6.2,5.1,5.3,4.0
IN,2,11.9,9.9,9.6,9.8,8.8,6.4,6.5,5.6,4.9,4.7,3.5
IN,3,11.5,9.5,9.0,9.2,8.2,6.0,6.3,4.9,4.4,4.4,4.4
IN,4,10.5,9.1,8.3,8.6,6.9,5.5,5.8,4.5,3.9,3.6,
IN,5,10.1,9.3,8.6,8.8,6.9,5.8,5.3,4.4,3.7,3.5,
IN,6,10.4,10.2,9.4,9.6,7.2,6.1,6.0,5.1,4.7,4.1,
IN,7,10.6,10.4,9.6,9.3,7.3,6.2,5.8,5.1,4.5,4.2,
IN,8,10.1,10.3,9.2,9.1,6.9,5.8,5.8,5.3,4.3,4.0,
IN,9,9.4,9.8,8.3,8.6,6.2,5.5,5.6,4.6,3.9,3.5,
IN,10,9.3,9.6,8.6,8.7,6.1,5.7,5.5,4.5,4.1,3.5,
IN,11,9.4,9.0,8.4,8.3,6.0,5.8,5.1,4.5,4.0,3.4,
IN,12,9.3,9.2,9.1,8.2,5.8,6.0,5.3,4.5,4.4,3.5,
KS,1,11.8,10.0,9.2,9.5,6.6,6.2,5.1,4.6,3.7,4.2,3.6
KS,2,11.8,9.6,9.1,9.0,7.0,5.7,5.1,4.3,3.8,3.9,3.4
KS,3,11.6,9.2,8.6,8.4,6.6,5.2,5.1,3.7,3.6,3.7,3.4
KS,4,10.6,8.4,7.7,7.4,5.5,4.4,4.4,2.9,3.1,2.9,
KS,5,10.3,8.7,8.0,7.7,5.9,4.8,4.1,3.2,3.2,3.0,
KS,6,10.4,9.3,8.4,8.1,5.9,4.9,4.6,3.5,3.8,3.3,
KS,7,10.3,9.4,8.6,7.7,6.2,4.8,4.5,3.7,3.6,3.5,
KS,8,10.1,9.4,8.4,7.4,6.0,4.5,4.4,4.0,3.6,3.4,
KS,9,9.5,9.0,7.7,6.9,5.4,4.1,4.0,3.3,3.1,2.8,
KS,10,9.3,8.9,7.8,6.9,5.5,4.3,4.0,3.2,3.4,3.0,
KS,11,9.6,8.7,8.0,6.6,5.6,4.5,3.9,3.3,3.4,3.1,
KS,12,9.2,8.7,8.5,6.3,5.4,4.5,3.9,3.1,3.5,3.0,
KY,1,7.3,6.7,6.1,6.0,5.3,4.8,4.5,4.4,3.7,3.5,3.7
KY,2,7.1,6.4,6.0,5.6,5.1,4.4,4.2,3.9,3.3,3.1,3.1
KY,3,6.9,6.1,5.5,5.3,4.8,4.2,3.9,3.5,3.1,3.2,3.8
KY,4,5.9,5.3,4.8,4.8,4.1,3.5,3.4,3.0,2.6,2.5,
KY,5,5.6,5.2,4.7,4.5,3.9,3.6,3.3,2.9,2.2,2.4,
KY,6,5.9,5.6,5.1,4.8,4.2,3.8,3.8,3.2,2.6,2.8,
KY,7,5.6,5.2,5.0,4.6,4.2,3.7,3.7,3.1,2.5,2.8,
KY,8,5.8,5.4,4.9,4.6,4.2,3.6,3.6,3.1,2.5,2.8,
KY,9,5.5,5.2,4.6,4.3,3.8,3.3,3.3,2.7,2.2,2.4,
KY,10,5.3,5.0,4.5,4.1,3.6,3.2,3.1,2.3,2.0,2.3,
KY,11,5.4,5.0,4.5,4.1,3.6,3.2,3.0,2.4,2.0,2.4,
KY,12,5.9,5.5,5.0,4.4,4.1,3.8,3.5,2.9,2.7,2.9,
LA,1,7.7,7.4,6.4,6.1,5.1,4.7,4.2,4.2,3.7,3.7,3.4
LA,2,7.5,7.2,6.3,5.8,5.2,4.6,4.2,4.0,3.7,3.5,3.3
LA,3,7.5,6.9,6.1,5.6,4.9,4.4,4.1,3.7,3.5,3.4,3.1
LA,4,6.9,6.3,5.5,5.1,4.3,4.2,3.8,3.5,3.1,2.8,
LA,5,6.8,6.4,5.6,5.3,4.5,4.3,3.8,3.5,3.1,3.0,
LA,6,7.1,6.7,6.0,5.7,4.8,4.4,4.3,3.8,3.5,3.3,
LA,7,7.4,6.8,6.2,5.9,5.1,4.7,4.8,4.3,3.8,3.8,
LA,8,7.2,6.6,5.9,5.5,4.7,4.2,4.4,4.0,3.4,3.4,
LA,9,6.8,6.2,5.2,4.9,4.1,3.6,3.9,3.3,2.9,2.7,
LA,10,6.7,6.0,5.3,4.7,3.9,3.6,3.8,3.1,2.9,2.8,
LA,11,6.7,5.7,5.1,4.6,3.9,3.6,3.7,3.2,2.9,2.9,
LA,12,6.4,5.7,5.2,4.3,3.8,3.6,3.6,3.1,3.0,2.9,
MA,1,11.5,10.7,9.0,8.9,8.1,6.1,5.8,5.9,4.8,4.8,4.8
MA,2,11.9,10.6,9.0,8.8,8.3,6.0,5.9,5.8,5.0,4.8,4.4
MA,3,11.0,10.0,8.5,8.4,7.8,5.8,5.6,5.5,4.7,4.7,5.7
MA,4,10.0,9.1,7.5,7.7,6.5,4.9,4.8,4.8,4.1,3.9,
MA,5,10.0,9.4,8.0,7.9,6.7,5.2,4.9,5.0,4.3,4.2,
MA,6,10.0,9.7,8.4,8.6,6.8,5.6,5.5,5.5,4.9,4.8,
MA,7,10.1,9.8,8.6,8.3,6.6,5.7,5.3,5.4,4.8,4.8,
MA,8,9.8,9.1,8.2,7.8,5.9,4.8,4.8,4.7,4.1,4.2,
MA,9,9.6,9.1,7.8,7.6,5.5,4.7,4.8,4.3,4.1,3.8,
MA,10,9.4,8.6,7.6,7.6,5.2,4.7,4.7,4.1,3.9,3.8,
MA,11,9.7,8.3,7.4,7.3,5.1,4.8,4.5,3.9,3.6,3.8,
MA,12,9.5,8.4,7.9,7.2,5.0,5.0,4.8,3.9,3.9,3.9,
MD,1,8.2,8.8,8.0,8.0,5.8,7.2,6.4,6.1,4.9,5.2,5.7
MD,2,7.2,7.9,7.3,6.9,5.4,6.4,5.8,5.4,4.4,4.2,4.3
MD,3,7.3,7.8,7.2,6.8,5.7,6.3,6.0,5.2,4.5,4.1,6.1
MD,4,7.1,7.4,6.6,6.5,5.2,6.0,5.7,5.0,4.5,3.8,
MD,5,7.6,7.7,7.2,6.9,6.0,6.4,5.8,5.1,4.8,4.3,
MD,6,8.6,8.7,8.2,7.9,7.0,7.1,7.0,5.9,6.2,5.6,
MD,7,8.4,8.2,7.8,7.4,7.3,6.8,6.7,5.6,5.7,5.5,
MD,8,8.7,8.1,7.3,7.0,7.4,6.4,6.6,5.6,5.4,5.4,
MD,9,8.2,7.7,6.6,6.5,6.9,6.1,6.4,4.9,4.9,5.0,
MD,10,8.1,7.5,6.4,6.1,6.7,6.0,5.9,4.4,4.6,5.0,
MD,11,8.1,6.9,5.9,5.5,6.7,5.7,5.4,4.2,4.3,5.0,
MD,12,7.9,7.0,6.4,5.1,6.3,5.5,5.3,4.1,4.3,4.9,
ME,1,9.2,9.1,8.7,8.2,6.9,5.8,4.8,4.3,3.9,4.1,4.1
ME,2,9.5,9.3,8.8,8.2,7.0,5.7,4.7,4.3,3.9,4.0,4.3
ME,3,9.2,9.0,8.6,7.8,6.8,5.5,4.7,4.2,3.9,3.9,3.8
ME,4,8.5,8.5,8.0,7.2,6.2,4.9,4.2,3.7,3.5,3.4,
ME,5,8.1,8.0,7.6,6.7,5.8,4.6,3.8,3.5,3.2,3.0,
ME,6,7.9,7.7,7.3,6.4,5.4,4.2,3.6,3.3,3.2,2.8,
ME,7,7.8,7.4,7.1,6.2,5.3,4.0,3.5,3.2,3.1,2.7,
ME,8,7.2,6.9,6.5,5.6,4.8,3.5,3.1,2.7,2.7,2.3,
ME,9,7.2,7.0,6.5,5.7,4.7,3.4,3.1,2.7,2.7,2.3,
ME,10,7.3,7.0,6.5,5.7,4.7,3.4,3.1,2.7,2.7,2.4,
ME,11,7.9,7.5,7.0,6.2,5.0,3.8,3.5,3.0,3.1,2.8,
ME,12,8.0,7.6,7.1,6.1,4.9,3.8,3.4,3.0,3.1,2.9,
MI,1,8.1,7.8,7.4,7.3,6.4,5.9,4.9,4.8,4.6,4.3,3.6
MI,2,8.3,7.6,7.4,7.1,6.4,5.7,4.8,4.6,4.5,4.0,3.5
MI,3,8.1,7.3,7.0,6.8,6.1,5.4,4.6,4.3,4.1,3.7,3.5
MI,4,7.3,6.9,6.5,6.3,5.4,4.8,4.1,3.9,3.7,3.2,
MI,5,7.4,7.1,6.8,6.6,5.7,5.1,4.2,4.0,3.7,3.4,
MI,6,7.7,7.6,7.3,7.0,6.0,5.3,4.7,4.4,4.3,3.9,
MI,7,7.8,7.5,7.3,6.7,6.1,5.3,4.6,4.4,4.1,3.9,
MI,8,7.7,7.4,7.1,6.5,5.9,5.0,4.5,4.3,4.0,3.7,
MI,9,7.4,7.2,6.7,6.2,5.5,4.7,4.3,4.0,3.6,3.3,
MI,10,7.3,7.0,6.7,6.5,5.5,4.7,4.4,4.0,3.6,3.3,
MI,11,7.4,6.8,6.6,6.1,5.4,4.6,4.2,4.1,3.5,3.2,
MI,12,7.2,6.8,6.7,5.8,5.2,4.4,4.1,4.0,3.6,3.0,
MN,1,9.6,8.5,7.4,7.6,6.8,5.8,4.8,4.4,4.1,3.7,3.4
MN,2,9.2,8.1,7.2,7.2,6.6,5.5,4.6,4.3,4.0,3.4,3.3
MN,3,8.9,7.7,6.8,7.0,6.3,5.2,4.3,4.0,3.7,3.3,3.4
MN,4,8.3,7.2,6.3,6.5,5.5,4.6,3.8,3.5,3.2,2.7,
MN,5,8.2,7.1,6.4,6.7,5.7,4.9,3.7,3.7,3.3,2.9,
MN,6,8.4,7.6,6.9,7.2,5.9,5.1,4.0,4.0,3.7,3.1,
MN,7,8.3,7.4,6.9,7.1,6.1,5.1,4.0,4.0,3.6,3.1,
MN,8,7.9,6.9,6.6,6.6,5.7,4.6,3.6,3.7,3.2,2.8,
MN,9,8.0,7.1,6.6,6.6,5.5,4.6,3.6,3.6,3.1,2.7,
MN,10,7.5,6.5,6.2,6.2,5.0,4.2,3.3,3.2,2.8,2.4,
MN,11,7.7,6.4,6.3,6.0,5.0,4.1,3.3,3.2,2.7,2.3,
MN,12,7.6,6.6,6.6,5.9,4.9,4.1,3.4,3.3,2.8,2.4,
MO,1,14.4,11.5,9.7,10.0,8.4,6.6,5.2,5.5,5.0,5.0,4.3
MO,2,14.2,11.1,9.6,9.5,8.5,6.1,5.2,5.4,4.9,4.5,3.6
MO,3,14.1,11.0,9.4,9.0,8.3,6.0,5.4,4.8,4.6,4.6,4.2
MO,4,12.9,10.0,8.3,8.2,7.1,5.2,4.6,3.9,3.8,3.7,
MO,5,12.6,10.5,9.1,8.7,7.4,5.6,4.5,3.9,3.6,3.7,
MO,6,12.7,11.2,9.8,9.5,7.5,5.8,5.1,4.5,4.4,4.3,
MO,7,13.5,11.8,10.6,10.0,8.3,6.2,5.7,5.4,4.8,5.1,
MO,8,12.3,10.6,9.5,8.9,7.3,5.3,5.2,5.0,4.1,4.2,
MO,9,11.5,10.0,8.3,8.3,6.6,4.7,4.9,4.5,3.6,3.5,
MO,10,11.1,9.4,8.5,8.3,6.2,4.7,4.8,4.2,3.6,3.5,
MO,11,10.9,8.5,7.9,7.7,5.8,4.4,4.3,4.0,3.4,3.2,
MO,12,10.9,9.0,8.7,7.5,5.6,4.6,4.6,4.4,4.0,3.6,
MS,1,8.5,7.7,6.6,6.4,5.4,4.6,4.5,4.7,3.9,4.3,3.7
MS,2,8.4,7.5,6.6,5.9,5.4,4.4,4.5,4.5,3.8,3.9,3.6
MS,3,8.6,7.4,6.5,5.7,5.3,4.4,4.6,4.2,3.7,3.9,3.9
MS,4,7.5,6.6,5.4,5.1,4.3,3.6,3.7,3.4,3.0,3.1,
MS,5,7.0,6.3,5.3,4.7,3.8,3.5,3.2,3.1,2.4,2.7,
MS,6,7.3,6.8,5.8,5.2,4.2,3.8,4.0,3.4,2.9,3.2,
MS,7,7.3,7.1,5.8,5.0,4.1,3.6,3.8,3.3,2.7,3.2,
MS,8,7.1,6.2,5.5,4.7,3.8,3.3,3.8,3.3,2.6,3.0,
MS,9,6.9,5.9,5.0,4.3,3.4,3.1,3.5,2.8,2.3,2.6,
MS,10,6.6,5.4,4.9,4.1,3.1,3.0,3.4,2.3,2.3,2.6,
MS,11,6.7,5.3,4.7,4.0,3.3,3.1,3.3,2.7,2.4,2.8,
MS,12,7.0,5.7,5.3,4.5,3.8,3.7,4.0,3.2,3.3,3.5,
MT,1,11.7,10.5,10.0,10.0,8.7,7.2,6.3,5.7,5.1,5.6,5.4
MT,2,11.3,10.4,9.3,8.9,8.0,6.5,6.0,5.2,4.9,5.2,5.1
MT,3,10.8,9.8,8.5,8.4,7.7,6.2,5.7,5.0,4.7,5.1,5.0
MT,4,9.8,9.3,8.0,7.9,6.9,5.9,5.4,4.7,4.4,4.7,
MT,5,10.4,10.2,8.9,8.8,7.8,6.5,5.9,5.1,4.7,5.3,
MT,6,10.6,10.9,9.8,9.5,8.4,7.3,6.9,6.1,5.9,6.4,
MT,7,10.8,10.6,9.8,9.1,8.2,6.9,6.5,5.8,5.4,6.3,
MT,8,9.6,9.8,9.0,8.3,7.4,6.2,5.8,5.2,4.8,5.6,
MT,9,9.8,9.9,8.7,8.1,7.0,6.0,5.5,4.7,4.5,5.3,
MT,10,9.7,9.8,8.8,8.2,6.7,5.8,5.3,4.5,4.4,5.1,
MT,11,9.8,9.1,8.0,7.7,6.5,5.9,5.1,4.5,4.5,5.1,
MT,12,10.3,9.4,8.9,7.7,6.7,6.1,5.2,4.5,4.8,5.2,
NC,1,10.3,9.8,7.6,7.7,7.1,6.0,4.6,4.5,3.8,3.8,4.3
NC,2,10.5,9.7,7.9,7.5,7.7,6.1,4.9,4.6,4.0,3.7,3.7
NC,3,10.2,9.2,7.6,7.0,7.2,5.8,4.9,4.2,3.7,3.7,4.5
NC,4,9.3,8.2,6.5,6.0,5.7,5.3,4.4,3.6,2.9,2.7,
NC,5,9.1,8.4,6.7,6.7,6.1,5.4,4.2,3.6,2.9,3.0,
NC,6,9.5,8.8,7.0,7.1,6.3,5.2,4.9,3.8,3.4,3.4,
NC,7,9.8,8.6,7.5,7.3,6.6,5.4,5.3,4.2,3.6,3.8,
NC,8,9.7,8.8,7.2,7.0,6.3,4.9,5.3,4.2,3.3,3.5,
NC,9,9.2,8.1,6.3,6.3,5.6,4.2,4.6,3.2,2.5,2.7,
NC,10,9.0,7.6,6.3,6.0,4.9,4.0,4.1,2.7,2.3,2.8,
NC,11,9.3,7.2,6.2,5.8,5.0,4.0,3.7,3.0,2.5,3.1,
NC,12,9.2,7.3,6.6,6.1,5.1,4.1,3.9,3.3,3.0,3.4,
ND,1,8.4,8.6,7.4,6.7,6.0,5.4,5.4,5.1,4.8,4.5,4.4
ND,2,8.4,8.3,7.1,6.4,5.8,4.9,5.0,4.7,4.5,4.2,4.2
ND,3,8.4,8.1,7.0,6.3,5.7,4.8,4.9,4.6,4.4,4.2,4.1
ND,4,7.5,7.2,6.1,5.5,4.7,4.0,4.1,3.8,3.6,3.3,
ND,5,6.8,6.6,5.6,5.0,4.2,3.7,3.7,3.4,3.1,2.9,
ND,6,7.2,7.0,6.1,5.5,4.6,4.1,4.1,3.9,3.6,3.4,
ND,7,6.7,6.5,5.5,5.0,4.2,3.8,3.8,3.6,3.2,3.1,
ND,8,6.5,6.3,5.4,4.8,4.1,3.7,3.7,3.5,3.2,3.1,
ND,9,6.4,6.0,5.1,4.5,3.8,3.5,3.4,3.4,3.0,3.0,
ND,10,6.6,6.1,5.3,4.9,4.0,3.8,3.7,3.5,3.2,3.2,
ND,11,7.1,6.3,5.5,5.1,4.5,4.1,3.8,3.9,3.4,3.4,
ND,12,7.6,6.5,5.8,5.3,4.5,4.4,4.3,4.0,3.7,3.6,
NE,1,5.4,5.1,4.5,4.5,3.9,3.4,3.4,3.5,3.4,3.4,3.2
NE,2,5.3,4.9,4.5,4.3,3.8,3.2,3.3,3.3,3.2,3.3,3.0
NE,3,5.2,4.8,4.3,4.0,3.9,3.1,3.2,3.0,3.1,3.4,4.3
NE,4,4.6,4.3,3.9,3.7,3.2,2.8,2.9,2.8,2.8,2.9,
NE,5,4.5,4.3,3.8,3.7,3.2,2.9,2.9,2.8,2.7,3.0,
NE,6,4.9,4.7,4.2,4.1,3.5,3.3,3.3,3.1,3.1,3.3,
NE,7,4.7,4.6,4.3,4.1,3.7,3.4,3.3,3.1,3.1,3.3,
NE,8,4.4,4.3,3.9,3.6,3.1,3.0,3.1,2.9,2.8,3.0,
NE,9,4.2,4.1,3.7,3.4,2.9,2.8,2.9,2.7,2.7,2.8,
NE,10,4.1,4.0,3.6,3.3,2.7,2.8,2.9,2.6,2.7,2.8,
NE,11,4.1,3.7,3.5,3.1,2.6,2.7,2.6,2.5,2.5,2.6,
NE,12,4.3,4.2,3.9,3.4,2.8,2.8,2.9,2.7,2.8,2.7,
NH,1,13.5,13.9,12.3,10.9,9.0,7.5,6.5,5.5,5.0,4.5,3.8
NH,2,13.5,13.6,11.9,10.4,8.6,7.2,6.1,5.3,4.8,4.2,3.8
NH,3,13.6,13.4,11.7,10.2,8.6,6.9,6.0,5.1,4.6,4.1,6.4
NH,4,13.4,13.2,11.4,9.9,8.0,7.0,5.8,5.1,4.5,3.9,
NH,5,13.3,12.9,11.2,9.7,7.9,6.6,5.6,4.9,4.3,3.8,
NH,6,13.5,13.2,11.3,9.9,8.0,6.9,5.9,5.2,4.6,4.1,
NH,7,13.7,13.1,11.4,9.7,8.1,6.9,5.8,5.1,4.5,4.1,
NH,8,13.5,13.1,11.0,9.4,7.7,6.7,5.5,4.9,4.4,3.9,
NH,9,13.7,12.9,10.7,9.2,7.5,6.6,5.5,4.9,4.3,3.7,
NH,10,13.4,12.5,10.4,8.9,7.3,6.3,5.3,4.7,4.1,3.6,
NH,11,13.6,12.3,10.3,8.7,7.3,6.2,5.1,4.6,4.0,3.4,
NH,12,13.6,12.3,10.4,8.6,7.1,6.1,5.1,4.7,4.1,3.4,
NJ,1,7.0,6.0,6.0,6.1,5.2,4.3,3.4,3.3,3.2,3.0,3.1
NJ,2,6.9,5.9,6.1,6.0,5.1,4.3,3.4,3.3,3.2,3.0,3.1
NJ,3,6.7,5.7,5.8,5.7,5.0,4.0,3.3,3.2,3.1,2.9,2.8
NJ,4,5.9,5.2,5.3,5.2,4.4,3.5,2.8,2.7,2.6,2.5,
NJ,5,5.6,5.1,5.3,4.9,4.3,3.4,2.7,2.6,2.5,2.4,
NJ,6,5.7,5.4,5.5,5.0,4.2,3.3,2.8,2.6,2.5,2.5,
NJ,7,5.6,5.3,5.5,4.9,4.2,3.3,2.8,2.6,2.5,2.5,
NJ,8,5.5,5.4,5.4,4.8,4.1,3.1,2.8,2.6,2.4,2.5,
NJ,9,5.3,5.2,5.3,4.7,3.8,2.9,2.6,2.5,2.2,2.3,
NJ,10,5.2,5.1,5.2,4.6,3.6,2.7,2.4,2.3,2.1,2.2,
NJ,11,5.3,5.2,5.3,4.7,3.8,2.8,2.6,2.4,2.2,2.3,
NJ,12,5.3,5.2,5.3,4.5,3.6,2.7,2.6,2.4,2.2,2.3,
NM,1,10.3,10.0,9.6,9.7,7.5,7.0,5.2,5.0,5.0,4.3,4.4
NM,2,10.3,9.9,9.7,9.3,7.7,6.9,5.4,5.0,5.0,4.1,4.2
NM,3,10.1,9.7,9.5,8.7,7.4,6.5,5.4,4.6,4.6,3.7,3.9
NM,4,9.4,9.1,9.2,8.1,6.2,5.8,4.9,4.3,3.9,2.8,
NM,5,9.2,9.2,9.3,8.4,6.6,6.1,4.9,4.4,3.9,3.0,
NM,6,9.3,9.5,9.6,8.7,6.6,5.9,5.1,4.6,4.3,3.3,
NM,7,9.8,9.7,10.0,8.7,7.3,6.2,5.5,5.1,4.6,3.9,
NM,8,9.3,9.2,9.4,8.1,6.9,5.6,5.2,5.0,4.2,3.7,
NM,9,9.2,9.2,9.0,7.8,6.5,5.2,5.0,4.7,3.7,3.4,
NM,10,9.0,9.0,8.9,7.6,6.3,4.9,4.6,4.4,3.4,3.4,
NM,11,9.2,8.8,9.0,6.9,6.2,4.7,4.2,4.3,3.2,3.5,
NM,12,9.1,8.9,8.9,6.7,6.0,4.6,4.3,4.1,3.5,3.6,
NV,1,8.1,7.9,7.7,7.3,7.1,6.6,6.7,6.6,5.4,5.3,5.0
NV,2,8.1,7.6,7.5,7.1,7.0,6.6,6.6,6.4,5.2,5.1,5.1
NV,3,8.2,7.3,7.1,6.7,6.8,6.4,6.4,6.0,4.7,4.8,5.9
NV,4,7.9,7.0,6.6,6.4,6.2,6.1,6.2,5.6,4.4,4.4,
NV,5,8.1,7.1,6.7,6.5,6.4,6.2,6.2,5.6,4.3,4.5,
NV,6,9.0,8.1,7.8,7.7,7.4,7.2,7.4,6.5,5.4,5.5,
NV,7,8.8,8.0,7.7,7.5,7.4,7.2,7.4,6.5,5.4,5.5,
NV,8,8.4,7.8,7.3,7.1,6.8,6.6,6.9,6.0,4.9,4.9,
NV,9,8.0,7.6,6.8,6.9,6.5,6.3,6.6,5.6,4.8,4.6,
NV,10,7.7,7.4,6.8,6.8,6.2,6.3,6.4,5.3,4.7,4.6,
NV,11,7.6,7.3,6.8,6.7,6.2,6.3,6.3,5.3,4.7,4.6,
NV,12,7.3,7.2,6.8,6.5,5.9,6.2,6.1,5.0,4.7,4.5,
NY,1,9.6,9.0,9.2,9.1,7.4,6.4,5.3,5.3,5.1,4.8,4.1
NY,2,9.5,8.8,9.4,8.7,7.6,6.2,5.3,5.3,5.1,4.5,3.9
NY,3,9.1,8.2,8.9,8.0,7.1,5.6,5.1,4.7,4.6,4.2,4.4
NY,4,8.5,7.8,8.2,7.4,6.0,5.2,4.6,4.4,4.1,3.6,
NY,5,8.2,7.8,8.4,7.5,6.2,5.3,4.3,4.4,3.7,3.6,
NY,6,8.4,8.2,8.7,7.9,6.2,5.2,4.7,4.6,4.1,3.8,
NY,7,8.6,8.4,8.9,7.9,6.5,5.4,5.1,4.9,4.2,4.2,
NY,8,8.4,8.2,8.5,7.7,6.3,5.0,5.1,5.0,4.1,4.1,
NY,9,8.2,8.3,8.0,7.4,5.8,4.7,4.9,4.6,3.7,3.6,
NY,10,8.2,8.2,8.0,7.4,5.6,4.7,4.8,4.4,3.7,3.7,
NY,11,8.4,8.2,7.8,7.0,5.7,4.7,4.5,4.4,3.6,3.6,
NY,12,8.2,8.4,8.1,6.7,5.5,4.8,4.6,4.4,4.0,3.7,
OH,1,12.0,10.9,10.0,9.6,6.9,6.1,5.5,5.2,4.4,4.5,4.1
OH,2,12.0,10.6,9.9,9.0,7.0,5.9,5.3,5.0,4.4,4.2,3.7
OH,3,11.5,10.2,9.3,8.3,6.7,5.6,5.1,4.5,4.0,4.0,4.2
OH,4,10.9,9.9,8.7,7.8,5.8,5.4,4.8,4.1,3.7,3.5,
OH,5,10.9,10.1,9.2,8.1,6.4,6.0,4.8,4.3,3.7,3.9,
OH,6,10.9,10.8,9.7,8.6,6.5,6.1,5.2,4.5,4.2,4.2,
OH,7,10.8,10.7,9.9,8.4,6.9,6.2,5.3,4.7,4.2,4.3,
OH,8,10.5,10.7,9.6,7.9,6.7,5.9,5.2,4.7,4.1,4.1,
OH,9,10.0,10.2,8.7,7.3,5.9,5.3,5.0,4.1,3.6,3.4,
OH,10,9.9,9.9,8.8,7.3,5.7,5.4,5.1,4.1,3.7,3.5,
OH,11,10.5,9.6,8.7,7.0,5.8,5.4,4.9,4.3,3.8,3.5,
OH,12,10.3,9.7,9.0,6.6,5.4,5.2,4.8,4.1,3.9,3.3,
OK,1,4.8,4.4,3.9,3.8,3.5,3.3,4.0,3.7,3.5,3.1,2.8
OK,2,4.8,4.3,3.8,3.7,3.4,3.4,4.0,3.5,3.4,3.1,2.8
OK,3,4.8,4.2,3.7,3.7,3.3,3.4,4.1,3.4,3.4,3.0,2.7
OK,4,3.8,3.6,3.1,3.2,2.8,2.8,3.4,2.7,2.9,2.5,
OK,5,3.4,3.1,2.7,2.6,2.3,2.6,2.9,2.2,2.2,2.1,
OK,6,4.1,3.8,3.3,3.1,2.9,3.1,3.4,2.8,2.8,2.6,
OK,7,3.6,3.3,2.8,2.7,2.5,2.7,2.9,2.4,2.4,2.2,
OK,8,3.5,3.4,2.8,2.7,2.5,2.6,2.8,2.4,2.3,2.2,
OK,9,3.0,2.9,2.5,2.2,2.1,2.2,2.3,2.0,1.9,1.8,
OK,10,2.8,2.7,2.4,2.1,1.9,2.0,2.1,1.9,1.7,1.6,
OK,11,3.2,3.0,2.7,2.4,2.3,2.5,2.4,2.4,2.0,2.0,
OK,12,3.7,3.3,3.1,2.8,2.6,2.9,2.9,2.7,2.3,2.2,
OR,1,12.0,10.2,8.6,8.8,7.4,6.0,5.6,6.1,5.2,5.2,5.0
OR,2,11.9,9.8,8.4,8.3,7.2,5.6,5.5,5.8,5.0,4.6,4.7
OR,3,11.4,9.2,7.8,7.7,6.6,5.2,5.3,5.2,4.7,4.2,5.6
OR,4,10.4,8.5,7.0,6.9,5.3,4.6,4.8,4.6,4.3,3.5,
OR,5,9.9,8.7,6.9,7.2,5.5,4.9,4.4,4.6,4.1,3.7,
OR,6,10.2,9.4,7.5,8.0,6.0,5.1,5.1,5.2,5.0,4.3,
OR,7,10.1,9.4,7.8,7.7,6.1,5.0,5.0,5.3,4.7,4.5,
OR,8,9.8,8.9,7.2,7.3,5.7,4.5,5.0,5.1,4.4,4.2,
OR,9,9.5,8.6,6.7,7.2,5.2,4.4,5.0,4.7,4.1,3.9,
OR,10,9.3,8.2,6.8,7.2,4.9,4.4,4.9,4.4,4.1,3.8,
OR,11,9.4,7.6,6.7,6.7,4.9,4.5,4.7,4.3,4.0,3.7,
OR,12,9.2,7.7,7.3,6.4,4.9,4.8,5.0,4.4,4.4,3.8,
PA,1,7.6,6.6,5.8,5.8,5.2,4.4,4.8,4.8,4.1,3.7,3.3
PA,2,7.6,6.4,5.6,5.6,5.2,4.4,4.9,4.7,4.0,3.5,3.0
PA,3,7.0,5.8,5.1,5.1,4.8,4.2,4.7,4.3,3.7,3.2,2.8
PA,4,6.5,5.3,4.6,4.8,4.1,4.0,4.5,3.9,3.3,2.8,
PA,5,6.8,5.7,5.1,5.4,4.6,4.6,4.9,4.3,3.5,3.2,
PA,6,7.0,6.2,5.5,5.7,4.8,4.8,5.3,4.6,3.7,3.5,
PA,7,6.7,5.9,5.4,5.4,4.6,4.6,5.1,4.3,3.4,3.4,
PA,8,6.6,5.9,5.2,5.2,4.4,4.4,5.0,4.2,3.2,3.3,
PA,9,6.5,5.8,5.1,5.2,4.2,4.3,4.8,4.0,3.0,3.1,
PA,10,6.5,5.9,5.2,5.4,4.1,4.4,4.7,3.9,3.1,3.4,
PA,11,6.5,5.6,5.0,5.0,4.0,4.4,4.5,3.8,3.0,3.2,
PA,12,6.3,5.6,5.2,4.9,3.9,4.3,4.5,3.8,3.1,3.2,
PR,1,11.9,10.7,9.8,9.3,7.9,6.6,5.5,4.7,4.6,4.8,3.8
PR,2,11.9,10.4,9.8,9.0,8.0,6.3,5.5,4.6,4.6,4.6,3.8
PR,3,11.9,10.2,9.6,8.7,7.9,6.2,5.4,4.5,4.5,4.5,3.8
PR,4,11.0,9.5,8.9,7.9,6.9,5.7,5.0,3.9,3.9,3.8,
PR,5,10.4,9.1,8.4,7.6,6.6,5.5,4.5,3.7,3.5,3.4,
PR,6,10.6,9.6,8.9,8.0,6.8,5.8,5.1,4.2,4.1,4.0,
PR,7,10.4,9.5,9.0,8.0,6.9,5.9,5.2,4.4,4.2,4.0,
PR,8,10.2,9.4,8.7,7.6,6.7,5.6,4.9,4.4,4.1,3.9,
PR,9,9.7,8.8,8.0,7.0,6.0,5.0,4.4,3.8,3.6,3.1,
PR,10,9.7,8.9,8.2,7.2,6.0,5.0,4.3,3.7,3.8,3.0,
PR,11,10.1,8.9,8.3,7.2,6.0,4.9,4.0,3.7,3.8,2.9,
PR,12,10.0,9.1,8.5,7.1,5.8,4.9,4.0,3.9,4.0,2.9,
RI,1,9.5,8.6,8.3,8.8,6.8,5.9,5.5,5.6,4.9,4.6,5.1
RI,2,9.5,8.3,8.2,8.3,6.9,5.8,5.7,5.6,4.9,4.5,5.1
RI,3,9.2,8.0,7.9,7.7,6.5,5.5,5.6,5.1,4.5,4.3,6.0
RI,4,8.3,7.3,7.1,7.0,5.5,4.9,5.1,4.5,3.9,3.5,
RI,5,8.6,7.7,7.7,7.4,5.9,5.5,5.2,4.7,3.9,4.0,
RI,6,8.6,8.4,8.2,7.8,6.0,5.6,5.7,5.0,4.5,4.4,
RI,7,8.7,8.5,8.6,7.8,6.5,5.8,5.9,5.3,4.7,4.9,
RI,8,8.5,8.3,8.3,7.5,6.1,5.4,5.8,5.2,4.5,4.8,
RI,9,7.7,7.7,7.4,6.8,5.2,4.8,5.3,4.4,3.9,4.2,
RI,10,7.6,7.5,7.5,6.8,5.0,4.8,5.2,4.3,3.8,4.4,
RI,11,7.9,7.3,7.1,6.4,4.9,4.8,4.8,4.3,3.6,4.4,
RI,12,7.7,7.4,7.6,6.1,4.9,4.7,4.8,4.3,3.8,4.5,
SD,1,12.1,12.0,12.2,10.5,9.8,7.5,6.3,5.5,5.3,4.6,4.1
SD,2,11.9,11.7,11.8,10.1,9.4,7.2,6.1,5.1,5.0,4.3,4.0
SD,3,11.7,11.5,11.4,9.8,9.0,6.8,5.7,4.7,4.5,3.9,5.1
SD,4,11.2,10.7,10.4,9.0,7.9,5.9,5.0,4.0,3.8,3.2,
SD,5,11.2,10.7,10.4,9.0,7.7,6.0,5.1,4.0,3.6,3.3,
SD,6,10.9,10.5,10.1,8.9,7.3,5.8,5.0,4.1,3.6,3.3,
SD,7,11.4,11.1,10.5,9.4,7.7,6.1,5.5,4.6,4.1,3.9,
SD,8,11.3,11.0,10.2,9.3,7.4,5.9,5.3,4.5,4.0,3.7,
SD,9,10.7,10.6,9.6,8.8,6.8,5.2,4.8,4.0,3.5,3.1,
SD,10,10.6,10.8,9.5,8.8,6.4,5.1,4.5,3.9,3.3,2.9,
SD,11,10.7,10.9,9.4,8.8,6.6,5.3,4.5,4.3,3.6,3.3,
SD,12,10.8,10.9,9.2,8.7,6.3,5.2,4.3,4.1,3.5,3.2,
TN,1,12.4,11.3,10.2,9.1,6.7,7.0,5.8,5.1,4.5,4.0,3.0
TN,2,12.1,11.0,10.0,8.6,6.5,6.5,5.4,4.6,4.0,3.5,3.1
TN,3,11.5,10.3,9.3,7.7,6.1,6.1,5.3,4.1,3.5,3.4,3.0
TN,4,10.9,10.0,8.8,7.4,5.2,5.6,4.6,3.6,2.7,2.6,
TN,5,10.7,10.3,9.2,7.6,5.9,6.0,4.6,3.8,2.9,2.7,
TN,6,11.2,11.1,9.8,8.3,6.6,6.3,5.4,4.4,3.7,3.1,
TN,7,11.0,10.8,9.8,7.9,7.1,6.2,5.3,4.6,3.6,3.0,
TN,8,11.2,11.0,9.5,7.7,7.2,6.0,5.3,4.8,3.7,2.8,
TN,9,10.7,10.7,8.6,7.3,6.7,5.4,4.7,4.0,3.1,2.0,
TN,10,10.5,10.3,8.6,7.1,6.5,5.7,4.8,4.2,3.3,2.4,
TN,11,10.9,10.0,8.2,6.6,6.5,5.5,4.4,4.0,3.1,2.3,
TN,12,10.8,9.9,8.6,6.3,6.4,5.5,4.6,4.1,3.5,2.4,
TX,1,5.9,5.8,5.0,4.6,4.1,3.8,3.3,3.7,3.6,3.5,3.8
TX,2,5.9,5.8,5.0,4.6,4.2,3.8,3.4,3.7,3.6,3.6,3.6
TX,3,5.9,5.8,4.9,4.4,4.0,3.6,3.2,3.5,3.4,3.6,3.4
TX,4,4.9,4.9,4.3,4.0,3.6,3.2,2.9,3.2,3.3,3.3,
TX,5,4.8,4.6,4.2,3.6,3.2,3.1,2.7,3.0,2.8,3.1,
TX,6,4.7,4.6,4.2,3.6,3.3,3.1,2.9,3.1,3.0,3.2,
TX,7,4.6,4.3,4.0,3.5,3.0,2.8,2.7,3.0,2.7,3.0,
TX,8,4.7,4.4,4.1,3.5,3.2,2.9,3.0,3.2,2.9,3.3,
TX,9,4.4,4.1,3.9,3.3,2.9,2.6,2.7,2.9,2.7,3.0,
TX,10,4.3,3.9,3.7,3.3,2.9,2.5,2.7,2.8,2.7,3.0,
TX,11,4.6,4.2,3.9,3.5,3.3,2.8,2.9,3.1,2.9,3.3,
TX,12,5.1,4.5,4.1,3.6,3.5,3.0,3.3,3.4,3.2,3.5,
UT,1,11.2,10.1,8.3,8.7,6.9,6.7,5.0,5.0,4.0,3.9,3.8
UT,2,10.8,9.8,8.2,8.2,6.9,6.2,4.7,4.5,3.7,3.4,3.8
UT,3,10.6,9.5,7.9,8.0,6.9,5.9,4.7,4.1,3.6,3.5,3.7
UT,4,9.6,9.0,7.3,7.5,5.9,5.3,4.2,3.3,3.1,2.9,
UT,5,9.3,8.9,7.7,7.7,6.3,5.7,4.2,3.3,3.1,3.1,
UT,6,9.5,9.6,8.5,8.5,7.0,6.2,5.2,4.1,4.1,3.9,
UT,7,9.3,9.1,8.5,8.1,7.3,6.1,5.2,4.0,4.0,3.9,
UT,8,9.3,9.1,8.1,7.8,7.0,5.5,4.9,3.7,3.6,3.4,
UT,9,9.0,8.9,7.4,7.5,6.5,5.3,4.9,3.4,3.4,3.2,
UT,10,9.0,8.3,7.4,7.6,6.2,5.1,4.7,3.3,3.3,3.2,
UT,11,9.3,7.8,7.1,7.0,6.2,4.9,4.4,3.3,3.1,3.1,
UT,12,9.2,7.8,7.7,6.8,5.9,4.7,4.4,3.3,3.2,3.1,
VA,1,8.6,8.3,7.3,7.0,5.7,4.7,4.4,5.0,4.2,4.1,3.8
VA,2,8.4,8.0,7.1,6.5,5.6,4.4,4.4,4.8,4.1,3.7,3.6
VA,3,8.3,7.7,6.8,6.3,5.5,4.3,4.5,4.5,4.0,3.5,4.7
VA,4,7.9,7.4,6.4,6.0,4.7,4.0,4.2,4.1,3.7,3.0,
VA,5,7.9,7.6,6.7,6.3,5.1,4.4,4.3,4.1,3.6,3.1,
VA,6,8.4,8.4,7.3,6.9,5.4,4.7,4.9,4.5,4.2,3.7,
VA,7,8.4,8.3,7.3,6.7,5.6,4.8,5.1,4.5,4.1,3.8,
VA,8,8.2,8.0,6.9,6.4,5.4,4.6,5.0,4.5,3.9,3.7,
VA,9,8.0,7.9,6.4,6.2,4.9,4.5,4.9,4.1,3.7,3.4,
VA,10,7.8,7.5,6.2,6.0,4.6,4.4,4.6,3.8,3.5,3.3,
VA,11,8.1,7.1,6.1,5.7,4.5,4.4,4.5,3.9,3.5,3.4,
VA,12,7.8,6.9,6.2,5.4,4.2,4.2,4.5,3.8,3.6,3.3,
VI,1,8.4,7.9,6.2,5.4,4.4,3.9,3.8,3.5,3.3,3.1,2.8
VI,2,8.3,7.9,6.3,5.3,4.5,4.0,4.0,3.7,3.4,3.1,2.8
VI,3,8.4,7.5,6.0,5.0,4.2,3.8,3.8,3.5,3.3,3.0,3.8
VI,4,7.8,7.0,5.5,4.6,3.5,3.5,3.5,3.2,3.0,2.6,
VI,5,7.8,6.8,5.3,4.5,3.6,3.6,3.4,3.2,2.9,2.6,
VI,6,8.2,7.0,5.7,5.0,4.1,4.0,3.8,3.7,3.5,3.0,
VI,7,8.0,6.8,5.5,4.7,3.9,3.8,3.5,3.4,3.2,2.7,
VI,8,8.0,6.7,5.4,4.6,4.0,3.7,3.5,3.4,3.2,2.6,
VI,9,7.4,6.1,4.8,4.2,3.5,3.3,3.1,3.0,2.8,2.2,
VI,10,7.3,5.9,4.9,4.1,3.5,3.3,3.1,2.9,2.7,2.1,
VI,11,7.1,5.6,4.5,3.8,3.3,3.2,2.9,2.8,2.6,2.1,
VI,12,7.3,5.6,4.8,3.8,3.3,3.3,3.1,2.9,2.7,2.2,
VT,1,7.0,6.6,5.8,5.2,4.7,4.3,3.9,3.6,3.2,2.9,3.0
VT,2,6.9,6.2,5.5,5.0,4.5,4.1,3.7,3.5,3.0,2.7,2.6
VT,3,7.0,6.2,5.5,4.9,4.5,4.0,3.6,3.4,3.0,2.7,3.4
VT,4,6.6,6.0,5.2,4.7,4.3,3.8,3.5,3.2,2.8,2.5,
VT,5,5.9,5.3,4.8,4.3,3.8,3.4,3.1,2.8,2.5,2.2,
VT,6,6.1,5.3,5.1,4.5,3.9,3.6,3.3,3.0,2.7,2.5,
VT,7,5.9,5.3,5.0,4.4,3.8,3.5,3.2,2.9,2.5,2.4,
VT,8,5.6,5.0,4.8,4.2,3.7,3.4,3.1,2.8,2.4,2.3,
VT,9,5.6,5.2,4.8,4.2,3.7,3.4,3.1,2.8,2.4,2.3,
VT,10,5.1,4.8,4.1,3.6,3.1,2.8,2.4,2.1,1.7,1.7,
VT,11,5.7,5.0,4.4,4.0,3.6,3.2,2.9,2.6,2.2,2.3,
VT,12,5.7,4.8,4.4,3.9,3.5,3.1,2.8,2.4,2.1,2.1,
WA,1,7.9,7.1,6.6,6.4,5.7,5.2,4.3,4.4,3.6,3.4,3.0
WA,2,7.9,6.9,6.6,6.1,5.7,5.0,4.2,4.2,3.4,3.1,2.8
WA,3,7.7,6.6,6.2,5.7,5.6,4.8,4.1,3.9,3.2,3.0,3.3
WA,4,7.0,6.2,5.6,5.3,4.8,4.3,3.7,3.5,2.8,2.4,
WA,5,7.1,6.4,6.0,5.7,5.3,4.7,3.9,3.7,2.8,2.7,
WA,6,7.2,6.9,6.4,6.0,5.4,4.6,4.3,3.8,3.3,2.9,
WA,7,7.1,6.7,6.4,5.9,5.5,4.5,4.3,3.8,3.1,3.0,
WA,8,7.1,6.9,6.2,5.8,5.5,4.4,4.4,3.9,3.2,2.9,
WA,9,6.8,6.7,5.8,5.6,5.1,4.1,4.2,3.5,2.8,2.6,
WA,10,6.6,6.4,5.6,5.7,4.8,4.0,4.0,3.3,2.8,2.5,
WA,11,6.7,6.1,5.4,5.3,4.8,3.9,3.9,3.3,2.7,2.5,
WA,12,6.7,6.2,5.6,5.1,4.6,3.8,3.8,3.1,2.8,2.4,
WV,1,11.3,10.5,9.4,8.4,7.1,6.5,6.1,5.6,5.3,5.3,4.4
WV,2,11.2,10.4,9.4,8.0,7.1,6.4,6.1,5.5,5.2,5.1,4.2
WV,3,10.9,9.9,8.9,7.4,6.7,6.0,5.8,5.0,4.8,4.8,5.3
WV,4,10.0,9.1,8.0,6.8,5.8,5.4,5.2,4.5,4.2,4.1,
WV,5,9.9,9.3,8.2,6.9,6.0,5.5,5.1,4.5,4.1,4.1,
WV,6,9.8,9.4,8.2,7.0,5.8,5.5,5.2,4.5,4.3,4.2,
WV,7,9.5,9.1,8.2,6.8,6.0,5.5,5.1,4.5,4.2,4.2,
WV,8,9.6,9.0,7.9,6.8,6.0,5.3,5.0,4.6,4.2,4.1,
WV,9,9.3,8.7,7.3,6.4,5.6,5.1,4.8,4.3,4.0,3.7,
WV,10,9.1,8.6,7.2,6.6,5.6,5.2,4.7,4.2,4.0,3.6,
WV,11,9.8,8.7,7.3,6.6,5.9,5.6,4.9,4.5,4.4,3.9,
WV,12,9.6,8.8,7.6,6.7,5.9,5.7,5.0,4.7,4.7,4.0,
WY,1,9.4,9.6,8.1,8.2,7.6,7.4,7.3,6.2,6.1,5.7,5.5
WY,2,10.0,9.6,8.4,8.1,8.1,7.8,7.7,6.2,6.5,5.9,5.5
WY,3,9.3,8.9,7.8,7.4,7.5,7.6,6.9,5.6,6.0,5.2,6.1
WY,4,8.4,8.0,7.3,6.7,6.6,6.9,6.2,4.9,5.3,4.5,
WY,5,8.3,7.8,7.3,6.3,6.3,6.8,6.0,4.7,5.0,4.5,
WY,6,8.4,8.1,7.7,6.8,6.6,7.2,6.4,5.3,5.4,4.9,
WY,7,8.3,7.7,7.6,6.5,6.6,6.9,5.9,5.1,5.1,4.7,
WY,8,8.6,7.9,7.6,6.6,6.6,6.7,6.0,5.3,5.0,4.8,
WY,9,8.1,7.5,7.0,6.0,5.9,5.9,5.4,4.6,4.5,4.3,
WY,10,8.0,7.2,7.0,6.2,5.8,5.7,5.3,4.6,4.5,4.6,
WY,11,8.3,7.1,7.0,6.3,6.0,5.9,5.1,4.9,4.5,4.8,
WY,12,8.6,7.3,7.3,6.4,6.1,6.0,5.1,5.1,4.7,5.0,
